insert into players (id, first_name, last_name, jersey_number, player_position, dob, country_of_birth) values (1, 'Lionel', 'Messi', '10', 'FORWARD', '1987-06-24', 'Argentina');
insert into players (id, first_name, last_name, jersey_number, player_position, dob, country_of_birth) values (2, 'Cristiano', 'Ronaldo', '20', 'FORWARD', '1985-02-05', 'Portugal');
insert into players (id, first_name, last_name, jersey_number, player_position, dob, country_of_birth) values (3, 'Xavi', 'Creus', '21', 'MID_FIELDER', '1980-01-25', 'Spain');
insert into players (id, first_name, last_name, jersey_number, player_position, dob, country_of_birth) values (4, 'Andrés', 'Iniesta', '32', 'FORWARD', '1984-05-11', 'Spain');
insert into players (id, first_name, last_name, jersey_number, player_position, dob, country_of_birth) values (5, 'Zlatan', 'Ibrahimovic', '52', 'FORWARD', '1981-10-03', 'Sweeden');
insert into players (id, first_name, last_name, jersey_number, player_position, dob, country_of_birth) values (6, 'Radamel', 'Falcao', '72', 'FORWARD', '1986-02-15', 'Colombia');

--German players
insert into players (id, first_name, last_name, jersey_number, player_position, dob, country_of_birth) values (7, 'Leroy', 'Sane' ,'10', 'FORWARD', '1996-01-11', 'Germany');
insert into players (id, first_name, last_name, jersey_number, player_position, dob, country_of_birth) values (8, 'Timo', 'Werner' ,'10', 'FORWARD', '1996-03-06', 'Germany');
insert into players (id, first_name, last_name, jersey_number, player_position, dob, country_of_birth) values (9, 'Thomas', 'Muller', '10', 'FORWARD', '1989-09-13', 'Germany');
insert into players (id, first_name, last_name, jersey_number, player_position, dob, country_of_birth) values (10, 'İlkay','Gündoğan', '10', 'MID_FIELDER', '1990-10-24', 'Germany');
insert into players (id, first_name, last_name, jersey_number, player_position, dob, country_of_birth) values (11, 'Toni','Kroos' ,'10', 'MID_FIELDER', '1990-01-04', 'Germany');
insert into players (id, first_name, last_name, jersey_number, player_position, dob, country_of_birth) values (12, 'Sami','Khedira', '10', 'MID_FIELDER', '1987-04-04', 'Germany');
insert into players (id, first_name, last_name, jersey_number, player_position, dob, country_of_birth) values (13, 'Nico','Schulz', '10', 'MID_FIELDER', '1993-04-01', 'Germany');
insert into players (id, first_name, last_name, jersey_number, player_position, dob, country_of_birth) values (14, 'Matt','Hummels', '10', 'DEFENDER', '1998-12-16', 'Germany');
insert into players (id, first_name, last_name, jersey_number, player_position, dob, country_of_birth) values (15, 'Jerome', 'Boateng', '10', 'DEFENDER', '1988-09-03', 'Germany');
insert into players (id, first_name, last_name, jersey_number, player_position, dob, country_of_birth) values (16, 'Joshua', 'Kimmich', '10', 'DEFENDER', '1995-02-08', 'Germany');
insert into players (id, first_name, last_name, jersey_number, player_position, dob, country_of_birth) values (17, 'Manuel', 'Neuer', '10', 'GOAL_KEEPER', '1986-03-27', 'Germany');

--Italian team
insert into players (id, first_name, last_name, jersey_number, player_position, dob, country_of_birth) values (18, 'Lorenzo', 'Insigne', '10', 'FORWARD', '1991-06-04', 'Italy');
insert into players (id, first_name, last_name, jersey_number, player_position, dob, country_of_birth) values (19, 'Ciro', 'Immobile', '17', 'FORWARD', '1990-02-20', 'Italy');
insert into players (id, first_name, last_name, jersey_number, player_position, dob, country_of_birth) values (20, 'Federico', 'Chiesa', '14', 'FORWARD','1997-10-25', 'Italy');
insert into players (id, first_name, last_name, jersey_number, player_position, dob, country_of_birth) values (21, 'Marco', 'Verratti', '6', 'MID_FIELDER', '1992-11-05', 'Italy');
insert into players (id, first_name, last_name, jersey_number, player_position, dob, country_of_birth) values (22, 'Nicolo', 'Barella', '18', 'MID_FIELDER', '1997-02-07', 'Italy');
insert into players (id, first_name, last_name, jersey_number, player_position, dob, country_of_birth) values (23, 'Jorginho', '', '8', 'MID_FIELDER', '1991-12-20', 'Brazil');
insert into players (id, first_name, last_name, jersey_number, player_position, dob, country_of_birth) values (24, 'Cristiano', 'Biraghi', '4', 'DEFENDER', '1992-09-01', 'Italy');
insert into players (id, first_name, last_name, jersey_number, player_position, dob, country_of_birth) values (25, 'Alessandro', 'Florenzi', '16', 'DEFENDER','1991-03-11', 'Italy');
insert into players (id, first_name, last_name, jersey_number, player_position, dob, country_of_birth) values (26, 'Giorgio', 'Chiellini', '3', 'DEFENDER', '1984-08-14', 'Italy');
insert into players (id, first_name, last_name, jersey_number, player_position, dob, country_of_birth) values (27, 'Gianluigi', 'Donnarumma', '22', 'GOAL_KEEPER', '1999-02-25', 'Italy');
insert into players (id, first_name, last_name, jersey_number, player_position, dob, country_of_birth) values (28, 'Leonardo', 'Bonucci', '19', 'DEFENDER', '1987-05-01', 'Italy');

-- native profile player
insert into players (id, first_name, last_name, jersey_number, player_position, dob, country_of_birth) values (29,'native', 'I am player for Native profile', '10', 'FORWARD', '1987-06-24', 'Native Profile');
insert into players (id, first_name, last_name, jersey_number, player_position, dob, country_of_birth) values (30, 'dev', 'I am player for Dev profile', '10', 'FORWARD', '1987-06-24', 'Dev Profile');
insert into players (id, first_name, last_name, jersey_number, player_position, dob, country_of_birth) values (31, 'Production', 'I am player for Production profile', '10', 'FORWARD', '1987-06-24', 'Production Profile');
insert into players (id, first_name, last_name, jersey_number, player_position, dob, country_of_birth) values (32, 'ConfigRefreshed', 'I am player for ConfigRefreshed profile', '10', 'FORWARD', '1987-06-24', 'ConfigRefreshed for Production Profile');



insert into team(id, name, code, web) values (1, 'Germany', 'GER', 'https://www.dfb.de/en/en-start/');
insert into team(id, name, code, web) values (2, 'Italy', 'ITA', 'https://www.figc.it/');
insert into team(id, name, code, web) values (3, 'Switzerland', 'SUI', 'https://www.football.ch/');
insert into team(id, name, code, web) values (4, 'Russia', 'RUS', 'http://russiateam.com/');
insert into team(id, name, code, web) values (5, 'Norway', 'NOR', 'https://www.fotball.no/');
insert into team(id, name, code, web) values (6, 'Mexico', 'MEX', 'https://fmf.mx/');
insert into team(id, name, code, web) values (7, 'Denmark', 'DEN', 'https://www.fck.dk/en');

-- German team
insert into team_players (team_id, players_id) values (1, 7);
insert into team_players (team_id, players_id) values (1, 8);
insert into team_players (team_id, players_id) values (1, 9);
insert into team_players (team_id, players_id) values (1, 10);
insert into team_players (team_id, players_id) values (1, 11);
insert into team_players (team_id, players_id) values (1, 12);
insert into team_players (team_id, players_id) values (1, 13);
insert into team_players (team_id, players_id) values (1, 14);
insert into team_players (team_id, players_id) values (1, 15);
insert into team_players (team_id, players_id) values (1, 16);
insert into team_players (team_id, players_id) values (1, 17);

--Italin team
insert into team_players (team_id, players_id) values (2, 18);
insert into team_players (team_id, players_id) values (2, 19);
insert into team_players (team_id, players_id) values (2, 20);
insert into team_players (team_id, players_id) values (2, 21);
insert into team_players (team_id, players_id) values (2, 22);
insert into team_players (team_id, players_id) values (2, 23);
insert into team_players (team_id, players_id) values (2, 24);
insert into team_players (team_id, players_id) values (2, 25);
insert into team_players (team_id, players_id) values (2, 26);
insert into team_players (team_id, players_id) values (2, 27);
insert into team_players (team_id, players_id) values (2, 28);


